id,name,description,year,rating,complexity
441696,Sanctuary,"In Sanctuary, you will plan and design a modern, scientifically-managed zoo for animals and visitors. A supply of 135 unique zoo tiles provides you with animals, buildings, and projects. In every game, you want to find the best mix from those available to build the most successful zoological establishment. Different effects on the tiles will help you to achieve conservation goals and to increase the attraction of your zoo.&#10;&#10;Each player has a set of four action cards to manage their gameplay, and the power of an action is determined by the slot the card currently occupies. One of those cards will let you play projects, and the other three cards will let you play animals of a specific habitat: forest, rock, or water.&#10;&#10;Sanctuary is based on its predecessor Ark Nova, but modifies and simplifies many of the mechanisms of that game in an elegant and surprising manner. Your goal to find the best way to puzzle together your animals, buildings, and projects on your zoo map is an ongoing pleasure!&#10;&#10;&mdash;description from the publisher&#10;&#10;",2025,6.5,3.2308
391137,Galactic Cruise,"Hello, and welcome to Galactic Cruise. Here, we offer our guests something special: the comfort of a luxury cruise with the innovation of space travel. As the first company to offer extended-stay space vacations, we are excited to have you working for us! As a supervisor of this company, you&rsquo;ll be expected to not only build these ships and satisfy our guests, but also to help the company thrive by enhancing our company network, inventing new technologies, and growing our workforce.  We are a united company, and you&rsquo;ll often find that what another supervisor does will make your job easier. Let me be clear, though, this is a competition. Our current CEO will be stepping down in three years, and the supervisor who comes out on top will take his place.&#10;&#10;On your turn, you will either place a worker to take two actions in the ever-expanding network, launch a ship and send one of your workers to space as a pilot, or recall all your earthbound workers to collect funding bonuses. Actions include acquiring blueprints, constructing ships, attracting guests, and building developments&ndash;connections between locations that increase action selection throughout the game. You will also be affecting resource markets that ebb and flow with the actions of all the players.&#10;&#10;When you launch a ship, one of your workers will accompany it as a pilot, navigating the ship to various destinations and &ldquo;days in space,&rdquo; where guests will reward you for all your hard work.&#10;&#10;Throughout the game, you will also be competing with your fellow supervisors to complete company goals, which will earn you progress cubes throughout the game. Progress cubes are also placed when you launch ships, and when a certain number of cubes are placed onto the company&rsquo;s progress track, the game ends, and the player with the most Victory Points becomes the new CEO of Galactic Cruise.&#10;&#10;Do you still think you have what it takes to work for us? You do? Great. Let&rsquo;s get started.&#10;&#10;&mdash;description from the publisher&#10;&#10;",2025,8.48824,3.9209
410628,Keyside,"Keyside takes place on a busy island with 12 harbours and a myriad of &lsquo;quays&rsquo;.&#10;&#10;Each player controls a team of 18 workers, known as &lsquo;keyples&rsquo;, who will work in the farms, harbours, markets, quarry, wheat field and woods. Players use their 6 dice to either direct the boats to their chosen harbours or to join the other players on their turns and, in both cases, set their team of keyples to work.&#10;&#10;Once the dice are played (phase 1), then the harbours are activated (phase 2) and players gain actions and resources where their keyples are present.&#10;&#10;After three rounds (years), players score points depending on where their keyples are located, most notably in the harbours, and from the cottages, houses and headlands they have built and from skills they have collected.&#10;&#10;The player with the most points wins the game.&#10;&#10;&mdash;description from the publisher&#10;&#10;",2025,8.66667,0.0
418059,SETI: Search for Extraterrestrial Intelligence,"In SETI: Search for Extraterrestrial Intelligence, a eurogame for 1&ndash;4 players, you lead a scientific institution tasked with searching for traces of life beyond planet Earth. The game draws inspiration from current or emerging technologies and efforts in space exploration.&#10;&#10;Players will explore nearby planets and their moons by launching probes from Earth while taking advantage of ever-shifting planetary positions. Decide whether to land on their surface to collect valuable samples, or stay in orbit for a broader survey. Additionally, by directing your telescopes to gaze into distant star systems, you may detect traces of alien signals or undiscovered exoplanets, and collect promising data to examine and study back home.&#10;&#10;Back on Earth, you can invest in upgrading your equipment so you can analyze incoming data more efficiently, boost your telescope signal capacity, or increase your supply of resources&mdash;all to expand the scope of your search that could lead to a discovery of extraterrestrial life forms.&#10;&#10;You will also make use of over 200 cards to aid your efforts or focus your research in a particular direction for additional bonuses and rewards. Each card has unique effects and illustrations and depicts real-life technologies, projects, and discoveries (like the ISS, Large Hadron Collider, Perseverance rover, Voyager probe, and many more).&#10;&#10;Finding traces of extraterrestrial life is only a matter of time&mdash;utilize the resources you have at your disposal strategically and you may well end up being the one to make the biggest scientific contribution towards advancing our understanding of alien life within our galaxy.&#10;&#10;SETI: Search for Extraterrestrial Intelligence pays homage to space and planetary exploration, astronomy, the ongoing search for signs of life in the vastness of space, and efforts to understand the nature of life in the universe.&#10;&#10;&mdash;description from the publisher&#10;&#10;",2024,8.38502,3.7627
420087,Flip 7,"Flip over cards one by one without flipping the same number twice.&#10;&#10;Sound easy? Think again! This isn't just any deck of cards&hellip; In Flip 7 there's only one 1 card, two 2's, three 3&rsquo;s, etc plus a bunch of special cards that can score you extra points, give you a second chance, or freeze you or your opponents in your tracks.&#10;&#10;Are you the type of player to play it safe and bank points before you bust, or are you going to risk it all and go for the bonus points by flipping over seven in a row? Press your luck meets strategy in this addictive card game that's sure to be the greatest card game you&rsquo;ve ever played!&#10;&#10;&mdash;description from the publisher&#10;&#10;",2024,7.28563,1.0968
356080,The Elder Scrolls: Betrayal of the Second Era,"The Elder Scrolls: Betrayal of the Second Era is a 1-4 player cooperative tabletop adventure set during Tamriel's Second Era &ndash; specifically during the events of the Planemeld, as the Order of the Black Worm plots to secure the Amulet of Kings. As the dark cult schemes, however, one of its members is planning an even darker betrayal, one that will tie Tamriel in with Oblivion forever. Adventurers work to uncover her machinations and stop her plot amid a bevy of endlessly replayable content. As in The Elder Scrolls video games, players will travel on an epic journey, balancing exploration, character building, dungeon diving and close quarters combat.&#10;&#10;Each adventure in the game takes place over the course of three gameplay sessions, with sessions being roughly two hours plus an additional half hour per player in length. Players customize and control a single hero throughout all three sessions of an adventure as they manage multiple skill lines, classes and experience the many regions of Tamriel, each with their own unique flavor and mechanics. Experience points are handed out generously, allowing players to build interesting and unique characters in the consolidated timespan required in a tabletop experience. Session to session progression is meaningful, but players are not required to remember complex narrative points or play with the same group forever.&#10;&#10;",2025,9.17851,3.9862
359871,Arcs,"Arcs is a sharp, tactical space opera game, for 2&ndash;4 players, set in a dark yet silly universe. Players represent officials from a distant, decaying and neglectful Empire who are now free to vie for dominance whether through battle, gathering scarce resources or diplomatic intrigue. Ready yourself for dramatic twists and turns as you launch into this galactic struggle.&#10;&#10;A deck of cards in 4 suits with ranks from 1-7 (2-6 for less than 4 players) defines the action selection system. These cards are played in a trick-taking adjacent system to select actions, take the initiative and declare Ambitions. The 3 declared Ambitions are what will score in that deal. Timing is everything. Bad hands must be mitigated by careful card play and benefitting from other players' card play.&#10;&#10;Battles are resolved quickly with the attacker choosing their level of risk. The defenders must be prepared with adequate defensive ships and cards in their tableau.&#10;&#10;Each game contains a hundred wooden ships and agents, 18 custom engraved dice, a beautiful six-panel board, and tons of cards with over 60 pieces of unique art. The base game may be played without the optional Leaders and Lore cards (for an easier teach) or with them for a richer, fuller and asymmetric game. It is also the core of the campaign game (requiring the Blighted Reach Expansion), which provides an epic, more thematic experience.&#10;&#10;",2024,8.12653,3.3935
342942,Ark Nova,"In Ark Nova, you will plan and design a modern, scientifically managed zoo. With the ultimate goal of owning the most successful zoological establishment, you will build enclosures, accommodate animals, and support conservation projects all over the world. Specialists and unique buildings will help you in achieving this goal.&#10;&#10;Each player has a set of five action cards to manage their gameplay, and the power of an action is determined by the slot the card currently occupies. The cards in question are:&#10;&#10;&#10;    CARDS: Allows you to gain new zoo cards (animals, sponsors, and conservation project cards).&#10;    BUILD: Allows you to build standard or special enclosures, kiosks, and pavilions.&#10;    ANIMALS: Allows you to accommodate animals in your zoo.&#10;    ASSOCIATION: Allows your association workers to carry out different tasks.&#10;    SPONSORS: Allows you to play a sponsor card in your zoo or to raise money.&#10;&#10;&#10;255 cards featuring animals, specialists, special enclosures, and conservation projects, each with a special ability, are at the heart of Ark Nova. Use them to increase the appeal and scientific reputation of your zoo and collect conservation points.&#10;&#10;&mdash;description from the publisher&#10;&#10;",2021,8.53518,3.7815
414317,Harmonies,"In Harmonies, build landscapes by placing colored tokens and create habitats for your animals. To earn the most points and win the game, incorporate the habitats in your landscapes wisely and have as many animals as you can settle there.&#10;&#10;&mdash;description from the publisher&#10;&#10;",2024,8.01418,2.0161
387514,Stonespine Architects,"Dungeon-crafting is an ancient minotaur art that you've studied for a decade under Master Hortgully. To demonstrate your skill, as your final project you must carve your own perilous labyrinth into the base of the Stonespine Mountains.&#10;&#10;Stonespine Architects is a card-drafting game in which 1-5 players compete to construct the most dangerous labyrinth.&#10;&#10;Players simultaneously draft and play cards to expand their dungeons, one chamber at a time. Follow a unique blueprint and a variety of scoring challenges. Choose between mapping a path through your underground passages, placing key elements in your rooms, or searching for extra treasure.&#10;&#10;Spend gold between rounds to customize your labyrinth with monsters, traps, treasures, and secret passages. At the end of four years, the player with the most perilous dungeon will earn the title of Master Architect!&#10;&#10;&mdash;description from the publisher&#10;&#10;",2024,7.51732,2.1154
244521,Quacks,"In Quacks, which was first released as The Quacks of Quedlinburg, players are charlatans &mdash; or quack doctors &mdash; each making their own secret brew by adding ingredients one at a time. Take care with what you add, though, for a pinch too much of this or that will spoil the whole mixture!&#10;&#10;Each player has their own bag of ingredient chips. During each round, they simultaneously draw chips from their bags and add them to their pots. The higher the face value of the drawn chip, the further it is placed in the pot's swirling pattern, increasing how much the potion will be worth. Push your luck as far as you can, but if you add too many cherry bombs, your pot will explode!&#10;&#10;At the end of each round, players gain victory points and coins to spend on new ingredients, depending on how well they managed to fill up their pots. But players whose pots have exploded must choose points or coins &mdash; not both! The player with the most victory points at the end of nine rounds wins the game.&#10;&#10;",2018,7.81042,1.9437
371942,The White Castle,"The heron flies over the Himeji sky while the Daimyo, from the top of the castle, watches his servants move. Gardeners tend the pond, where the koi carp live, warriors stand guard on the walls, and courtiers crowd the gates, pining for an audience that brings them closer to the innermost circles of the court. When night falls, the lanterns are lit and the workers return to their clan.&#10;&#10;In The White Castle, players will control one of these clans in order to score more victory points than the rest. To do so, they must amass influence in the court, manage resources boldly, and place their workers in the right place at the right time. The authors are Sheila Santos and Israel Cendrero, the duo known as Llama Dice who also designed the successful The Red Cathedral with Devir. In this case, we leave the Moscow of Ivan the Terrible behind to explore the most imposing fortress in modern Japan, Himeji Castle, where the banner of the Sakai clan flies under the orders of Daimyo Sakai Tadakiyo.&#10;&#10;The White Castle is a Euro type game with mechanics of resource management, worker placement and dice placement to carry out actions. During the game, over three rounds, players will send members of their clan to tend the gardens, defend the castle or progress up the social ladder of the nobility. At the end of the match, these will award players victory points in a variety of ways.&#10;&#10;The central panel shows Himeji Castle in all its splendor, divided into several zones. The largest is inside the castle, with the Room of the Thousand Carpets, where the courtiers must ascend socially until they reach the circle closest to the Daimyo to enjoy his favor. There is also the pond and the gardens, patiently tended by the gardeners where everyone can relax and contemplate its beauty without restriction. Another important area is the wall and the outside of the castle, where the warriors patrol and stand guard. Finally, we find the area of the three bridges, where the three types of dice that can be used to carry out actions are accumulated, and the personal domain of each player, where they will keep track of their resources and where they will have the reserve of workers.&#10;&#10;With accessible rules and a very careful setting, The White Castle is a very versatile title that will fit in with different gaming groups. As is tradition with Llama Dice titles, its sleek and simple design belies a great deal of strategic depth within the grasp of players.&#10;&#10;&mdash;description from the publisher&#10;&#10;",2023,7.99315,3.0197
224517,Brass: Birmingham,"Brass: Birmingham is an economic strategy game sequel to Martin Wallace's 2007 masterpiece, Brass. Brass: Birmingham tells the story of competing entrepreneurs in Birmingham during the industrial revolution between the years of 1770 and 1870.&#10;&#10;It offers a very different story arc and experience from its predecessor. As in its predecessor, you must develop, build and establish your industries and network in an effort to exploit low or high market demands. The game is played over two halves: the canal era (years 1770-1830) and the rail era (years 1830-1870). To win the game, score the most VPs. VPs are counted at the end of each half for the canals, rails and established (flipped) industry tiles.&#10;&#10;Each round, players take turns according to the turn order track, receiving two actions to perform any of the following actions (found in the original game):&#10;&#10;1) Build - Pay required resources and place an industry tile.&#10;2) Network - Add a rail / canal link, expanding your network.&#10;3) Develop - Increase the VP value of an industry.&#10;4) Sell - Sell your cotton, manufactured goods and pottery.&#10;5) Loan - Take a &pound;30 loan and reduce your income.&#10;&#10;Brass: Birmingham also features a new sixth action:&#10;&#10;6) Scout - Discard three cards and take a wild location and wild industry card. (This action replaces Double Action Build in original Brass.)&#10;&#10;",2018,8.5788,3.8692
394082,Machines To The Sky,"The end of the world is near. Governments, scientists, corporations, and other world leaders hastily attempt to build an Ark on which humanity can endure the death of the Earth, migrating out into space.&#10;&#10;In Machines To The Sky, players manage production engines involving technology, materials, and personnel to contribute to the construction of the Ark Project and preserve the future of the human race! By bidding on critical technologies, you must build and move projects to optimize your resource production, scoring in either your personal projects or your contributions to the Ark.&#10;&#10;In the end, your goal is to manage the development of groundbreaking technologies so that you can earn the most space on the Ark and carry your name into the stars, the dying Earth fading behind you.&#10;&#10;",2024,7.12519,2.0
441850,Echoes of Time,"In a fantastic and untouched land, four factions govern different aspects of this world: the ocean depths with their dark abysses, the gentle hills with windy meadows and protected forests, the vast and endless expanses of the night skies, and the mysterious and unexplored underground tunnels.&#10;&#10;An ancient and powerful energy flows through these places, concentrating in hidden, inexhaustible sources. Controlling this power allows one to bend to their will life's most important aspect: time, and the rhythms it imprints on the environment and every being.&#10;&#10;Echoes of Time is a strategic game for 2-4 players in which you attempt to create the best-equipped fellowship of characters from different factions to conquer the sources of power. Try to control and modify the flow of time to outshine your opponents. The game includes more than one hundred cards with unique effects that you will use to build a new deck each game, and a &quot;sliding tile&quot; system guides you in managing the time needed for your cards to become usable, while simultaneously controlling the activation rhythm of their effects.&#10;&#10;&mdash;description from the publisher&#10;&#10;",2025,6.0,0.0
366013,Heat: Pedal to the Metal,"Based on simple and intuitive hand management, Heat: Pedal to the Metal puts players in the driver's seat of intense car races, jockeying for position to cross the finish line first, while managing their car's speed if they don't want to overheat. Selecting the right upgrades for their car will help them hug the curves and keep their engine cool enough to maintain top speeds. Ultimately, their driving skills will be the key to victory!&#10;&#10;Drivers can compete in a single race or use the &quot;Championship System&quot; to play a whole season in one game night, customizing their car before each race to claim the top spot of the podium. They have to be careful as the weather, road conditions, and events will change every race to spice up their championship. Players can also enjoy a solo mode with the Legends Module or add automated drivers as additional opponents in multiplayer games.&#10;&#10;&mdash;description from the publisher&#10;&#10;",2022,8.02548,2.1886
312484,Lost Ruins of Arnak,"On an uninhabited island in uncharted seas, explorers have found traces of a great civilization. Now you will lead an expedition to explore the island, find lost artifacts, and face fearsome guardians, all in a quest to learn the island's secrets.&#10;&#10;Lost Ruins of Arnak combines deck-building and worker placement in a game of exploration, resource management, and discovery. In addition to traditional deck-builder effects, cards can also be used to place workers, and new worker actions become available as players explore the island. Some of these actions require resources instead of workers, so building a solid resource base will be essential. You are limited to only one action per turn, so make your choice carefully... what action will benefit you most now? And what can you afford to do later... assuming someone else doesn't take the action first!?&#10;&#10;Decks are small, and randomness in the game is heavily mitigated by the wealth of tactical decisions offered on the game board. With a variety of worker actions, artifacts, and equipment cards, the set-up for each game will be unique, encouraging players to explore new strategies to meet the challenge.&#10;&#10;Discover the Lost Ruins of Arnak!&#10;&#10;&mdash;description from the publisher&#10;&#10;",2020,8.06906,2.9262
417197,Rebirth,"Following a series of calamities that left civilization in shambles, societies around the world are being rebuilt anew in harmony with nature. Scotland lies in ruins and the ancient clans have taken it upon themselves to restore the land. As clan leaders you will compete for strategic control of the land by rebuilding its prestigious castles.&#10;&#10;Rebirth is a new tile-laying game from Reiner Knizia. The game revitalizes this classic genre by combining Knizia&rsquo;s elegant mechanics with Mighty Boards&rsquo; evocative world building. The result is a eurogame with smooth gameplay, set in a lush and hopeful future.&#10;&#10;Each turn, players draw a tile from their supply and place it strategically on the board. These tiles represent your clan&rsquo;s contribution to rebuilding the land. Rebirth rewards strategic foresight and clever tactical play, with tougher decisions emerging over the course of the game.&#10;&#10;&mdash;description from the publisher&#10;&#10;",2024,7.78644,2.0
162886,Spirit Island,"In the most distant reaches of the world, magic still exists, embodied by spirits of the land, of the sky, and of every natural thing. As the great powers of Europe stretch their colonial empires further and further, they will inevitably lay claim to a place where spirits still hold power - and when they do, the land itself will fight back alongside the islanders who live there.&#10;&#10;Spirit Island is a complex and thematic co-operative game about defending your island home from colonizing Invaders. Players are different spirits of the land, each with its own unique elemental powers. Every turn, players simultaneously choose which of their power cards to play, paying energy to do so. Using combinations of power cards that match a spirit's elemental affinities can grant free bonus effects. Faster powers take effect immediately, before the Invaders spread and ravage, but other magics are slower, requiring forethought and planning to use effectively. In the Spirit phase, spirits gain energy, and choose how / whether to Grow: to reclaim used power cards, to seek new power, or to spread their presence into new areas of the island.&#10;&#10;The Invaders expand across the island map in a semi-predictable fashion. Each turn they explore into some lands (portions of the island); the next turn, they build in those lands, forming towns and cities. The turn after that, they ravage there, bringing blight to the land and attacking any native islanders present. The islanders fight back against the Invaders when attacked, and lend the spirits some other aid, but may not always do so exactly as you'd hoped. Some Powers work through the islanders, helping them, for example, to drive out the Invaders or clean the land of blight.&#10;&#10;The game escalates as it progresses: spirits spread their presence to new parts of the island and seek out new and more potent powers, while the Invaders step up their colonization efforts. Each turn represents 1-3 years of alternate history. At game start, winning requires destroying every last explorer, town and city on the board - but as you frighten the Invaders more and more, victory becomes easier: they'll run away even if explorers or even towns and cities remain. Defeat comes if any spirit is destroyed, if the island is overrun by blight, or if the Invader deck is depleted before achieving victory.&#10;&#10;The game includes different adversaries to fight against (eg., a Swedish Mining Colony, or a Remote British Colony). Each changes play in different ways, and offers a different path of difficulty boosts to keep the game challenging as you gain skill.&#10;&#10;",2017,8.33967,4.0736
167791,Terraforming Mars,"In the 2400s, mankind begins to terraform the planet Mars. Giant corporations, sponsored by the World Government on Earth, initiate huge projects to raise the temperature, the oxygen level, and the ocean coverage until the environment is habitable. In Terraforming Mars, you play one of those corporations and work together in the terraforming process, but compete for getting victory points that are awarded not only for your contribution to the terraforming, but also for advancing human infrastructure throughout the solar system, and doing other commendable things.&#10;&#10;As a player, you acquire unique project cards (from over two hundred different ones) by buying them to your hand. The cards can give you immediate bonuses, as well as increasing your production of different resources. Many cards also have requirements and they become playable when the temperature, oxygen, or ocean coverage increases enough. Buying cards is costly, so there is a balance between buying cards and actually playing them. Standard Projects are always available to complement your hand of cards. Your basic income, as well as your basic score, are based on your Terraform Rating. However, your income is boosted by your production, and VPs are also gained from many other sources.&#10;&#10;You keep track of your production and resources on your player board.  The game uses six types of resources: MegaCredits, Steel, Titanium, Plants, Energy, and Heat. On the game board, you compete for the best places for your city tiles, ocean tiles, and greenery tiles. You also compete for different Milestones and Awards worth many VPs. Each round is called a generation and consists of the following phases:&#10;&#10;1) Player order shifts clockwise.&#10;2) Research phase: All players buy cards from four privately drawn.&#10;3) Action phase: Players take turns doing 1-2 actions from these options: Playing a card, claiming a Milestone, funding an Award, using a Standard project, converting plant into greenery tiles (and raising oxygen), converting heat into a temperature raise, and using the action of a card in play. The turn continues around the table (sometimes several laps) until all players have passed.&#10;4) Production phase: Players get resources according to their terraform rating and production parameters.&#10;&#10;When the three global parameters (temperature, oxygen, ocean) have all reached their required levels, the terraforming is complete, and the game ends after that generation. Combine your Terraform Rating and other VPs to determine the winning corporation!&#10;&#10;",2016,8.35039,3.2664
338960,Slay the Spire: The Board Game,"Slay the Spire: The Board Game is a co-operative deck-building adventure. Craft a unique deck, encounter bizarre creatures, discover relics of immense power, and finally become strong enough to slay the Spire!&#10;&#10;Slay the Spire: The Board Game, (core edition) includes:&#10;-4 Minis&#10;-Over 730 cards&#10;-Over 450 Art Sleeves&#10;-2 Map Boards&#10;-1 Merchant Board&#10;-4 Player Boards&#10;-1 Die&#10;-50 plastic cubes&#10;-Over 113 tokens&#10;&#10;Collector's edition:&#10;4x (3mm neoprene) playermats&#10;1x deck playmat&#10;Bigger box (fits mats)&#10;1x Merchant bag&#10;Metal coins&#10;&#10;Kickstarter exclusives and Stretch goals:&#10;1x Merchant pat&#10;Claw die&#10;8x Claw cards&#10;28x Foil Cards&#10;3x Acrylic heart tokens&#10;&#10;",2024,8.72198,2.9387
400602,Civolution,"Hello, student beings! The cosmic faculty of the Technical Academy of Creation is delighted to welcome you to your Civolution, the final exam in Civilization Design!&#10;&#10;For this occasion, we prepared a humanoid scenario on an isolated continent. Here, each of you holds the rank of a local deity which is closely linked to its very own civilization and must lead it to success over the other civilizations. Your developmental possibilities are endless and reach from cultural and technical progress to evolutional adaptations. For example, what would you consider more beneficial to your tribes: inventing the wheel or growing wings? Demonstrate your ability to operate your civilization console and show us how well you can adjust to changeable environmental conditions and mild creational chaos.&#10;&#10;When the exam ceases after four eras, whoever managed to gather the most success points will not only pass the exam but will become a full member of the Technical Academy of Creation and garner the opportunity to be promoted to the next instance.&#10;&#10;Civolution is a medium heavy to heavy euro-style game that utilizes a dice selection mechanism to trigger actions on a tech tree-like structure. As you figure out how to best use your dice and put your unique cards into play, tons of strategies and paths to victory emerge, though each time you play, you will only explore a fraction of the possibilities that the game&rsquo;s system and many cards provide.&#10;&#10;&mdash;description from the publisher&#10;&#10;A webapp implementation of the V.I.C.I solo automa is available (requires a physical copy of the game).&#10;&#10;",2024,8.20063,4.1734
219650,Arydia: The Paths We Dare Tread,"Arydia: The Paths We Dare Tread is an open world, campaign-based, co-operative, fantasy-based, &quot;green legacy&quot; role-playing board game. The game of Arydia is built on four design pillars: Exploration, Progression, Combat, and Role-playing.&#10;&#10;&#10;     Exploration &mdash; Arydia is an open world to explore as you wish. Make your way across the world map, discovering new locations, interacting with memorable characters, fighting vicious monsters, and scavenging long-lost treasures. The world pulls you in through detailed descriptions and vivid artwork for each place you visit. Every location is unique, not randomized, and is built piece by piece as you explore.&#10;&#10;&#10;&#10;     Progression &mdash; Arydia is played as a campaign over the course of a number of game sessions; you start each session right where you left off! As you play, the game keeps track of your actions and decisions. Your characters will grow in power, collecting new items, weapons, and skills. NPCs and locations will change, depending on how you interact with them. All of this progression is done using a simple, but powerful, index system, which allows for quick and easy set-up and tear down.&#10;&#10;&#10;&#10;     Combat &mdash; Many of the locations you'll visit in Arydia are hostile, so you'll need your weapons, skills, and co-operation to overcome the challenges you encounter! Arydia features a tactical, co-operative combat system. Enemies are controlled by game cards and dice, while you and your companions work together to defeat them.&#10;&#10;&#10;&#10;     Role-playing &mdash; Take on the roles of a wide cast of characters as you encounter them throughout your journeys. Step into the shoes of a disgruntled shop owner, sniffling brat, or a poorly-dressed bandit leader. The incentive-based role-play system encourages you to engage in dramatic storytelling, without being intrusive.&#10;&#10;&#10;As for being a &quot;green legacy&quot; game, publisher Far Off Games notes that Arydia features all the hallmarks of a legacy game &mdash; packages to open, hidden information, progression, discovery, exploration, all the while wrapping it in high-quality components &mdash; but allows you to reset the game when you have completed it so that you can start again or pass it on to someone else.&#10;&#10;",2025,9.23841,3.253
349750,Molly House,"In Molly House, players take the roles of the gender-defying mollies of early eighteenth century London. Throw grand masquerades and cruise back alleys while evading moralistic constables who seek to destroy your community. Be careful, there may even be informers in your midst!&#10;&#10;Over the course of an hour, players will draft hands of vice cards representing the different gestures, desires, and encounters that were frowned upon by the Society for the Reformation of Manners, a citizen group that sought to stamp out any behavior it deemed deviant in late 17th and early 18th century London. These cards allow players to host festivities with the help of their fellow mollies and create joy. But, those same cards can also lead players to be arrested and to the ultimate ruin of the molly house.&#10;&#10;As players encounter the Society&rsquo;s enforcers, they will often have to pay bribes or may be coerced into becoming informers for the Society. Informers must try desperately to undermine the community around Mother Clap&rsquo;s Molly House without being discovered by their fellow mollies.&#10;&#10;",2025,7.54371,3.6346
391163,Forest Shuffle,"In Forest Shuffle, players compete to gather the most valuable trees, then attract species to these trees, thus creating an ecologically balanced habitat for flora and fauna.&#10;&#10;To start, each player has six cards in hand, with cards depicting either a particular type of tree or two forest dwellers (animal, plant, mushroom, etc.), with these latter cards being divided in half, whether vertically or horizontally, with one dweller in each card half.&#10;&#10;On a turn, either draw two cards &mdash; whether face down from the deck or face up from the clearing &mdash; and add them to your hand, or play a card from your hand by paying the cost, then putting it into play.&#10;&#10;During set-up, three winter cards were placed into the bottom third of the deck. When the third winter card is drawn, the game ends immediately, then players tally their points based on the trees and dwellers in their forest. Whoever scores the most points wins.&#10;&#10;Forest Shuffle is the first in a line of Lookout games sporting the Lookout Greenline label, produced on FSC certified paper and avoiding plastic completely.&#10;&#10;",2023,7.70273,2.194
429851,Quorum,"The Roman Empire has spread over all the known world. Its civilization has expanded and is influential in all aspects of life, from trade and architecture to the power of its army and its political intrigues. The presence of the gods is made clear in the events of human lives.&#10;&#10;In Quorum, the players take on the role of Roman senators who share the power of Rome and its provinces with the aim of acquiring the greatest amount of influence possible. The goal is to be the most powerful and influential senator by gaining victory points, which are awarded in various areas of influence over the twelve rounds of the game.&#10;&#10;On their turn, players take and play a card in front of them to affect one of the provinces. The turns continue in this way until all the players have twelve cards in front of them. At the end of the game, the combination of cards played and the influence accumulated in each of the provinces will award players victory points, which will then decide who wins. Ready to dominate the Empire?&#10;&#10;&mdash;description from the publisher&#10;&#10;",2025,7.98385,2.0
416851,Castle Combo,"A quick and nifty card game by the publisher of Faraway.&#10;&#10;Each player will spend coins to draft 9 cards from 2 open markets on the table (the lower and upper city), creating along the game a 3x3 square of people interacting with each other to trigger instant effects and end-of-game bonuses.&#10;&#10;Castle Combo is a tableau-building game that combines simplicity with deep, engaging gameplay, offering highly satisfying experiences.&#10;&#10;Each turn, you add a character to your tableau&mdash;a seemingly straightforward action that packs a punch regarding strategic decisions. You'll need to carefully manage your Keys to influence the Messenger pawn at critical moments, as it controls which characters are available for recruitment from two different areas &ndash; peasants and nobles.&#10;&#10;Balancing your Gold reserves is equally important, ensuring you can afford the characters that best suit your strategy throughout the game. Selecting the right characters is crucial to maximising their immediate effects and the points they will contribute at the game's end. Finally, carefully arranging these characters on your 3x3 board is key to unlocking their full potential.&#10;&#10;",2024,7.59364,1.6694
358661,Andromeda's Edge,"Behold, Andromeda's Edge: A dazzling, uncharted region of space on the edge of the Andromeda Galaxy. Littered with the modular debris of the precursor civilization, patrolled by malicious extragalactic raiders, and bordered by dense nebulae, The Edge is a last resort for the brave and foolhardy who seek a new life beyond the oppressive reach of the Lords of Unity.&#10;&#10;In this game, you lead a desperate faction seeking to build a new civilization on Andromeda's Edge. You begin with only a space station, a few ships, and a handful of resources. By carefully placing your ships, you will gather resources, claim moons, acquire modules to add to your station, populate planets and build developments on them. You will battle opponents and compete with others to ascend the progress tracks: Science, Industry, Commerce, Civilization and Supremacy.&#10;&#10;On your turn, you either launch a starship or return your ships to your station. Launching sends one of your starships to a region of Andromeda, either collecting resources from planetary systems or taking actions at Alliance Bases. If the region is occupied by your opponents or fearsome raiders, face off in a dice battle, with Supremacy on the line but where strategic manipulation can turn a loss into a reward. Returning to your station allows you to activate your engine, using the modules you&rsquo;ve acquired to generate energy, gain resources and carry out actions.&#10;&#10;Throughout the game you will build up your unique faction, building developments (Observatories, Factories, Spaceports, Cities and Obelisks) and gaining station modules which move you up the progress tracks. Advancement on the tracks is rewarded both during mid-game events and at the conclusion, and is the key to victory.&#10;&#10;",2024,8.38609,3.7073
373106,Sky Team,"Sky Team is a co-operative game, exclusively for two players, in which you play a pilot and co-pilot at the controls of an airliner. Your goal is to work together as a team to land your airplane in different airports around the world.&#10;&#10;To land your plane, you need to silently assign your dice to the correct spaces in your cockpit to balance the axis of your plane, control its speed, deploy the flaps, extend the landing gear, contact the control tower to clear your path, and even have a little coffee to improve your concentration enough to change the value of your dice.&#10;&#10;If the aircraft tilts too much and stalls, overshoots the airport, or collides with another aircraft, you lose the game...and your pilot's license...and probably your life.&#10;&#10;From Montreal to Tokyo, each airport offers its own set of challenges. Watch out for the turbulence as this could end up being a bumpy ride!&#10;&#10;AWARDS &amp; HONORS&#10;&#10;2025 - Beeple Award - Winner&#10;2024 - BoardLive Awards - Winner &#10;2024 - Gagnant Prix Jokers - cat&eacute;gorie Duo&#10;2024 - Gagnant Gold'n Gob - cat&eacute;gorie 2 joueurs&#10;2024 - Gagnant Mensa d'Or - cat&eacute;gorie Meilleur jeu Duo &#10;2024 - Nederlandse Spellenprijs 2024 Winner&#10;2024 - Deutscher Spiele Preis 2024 - 2nd place &#10;2024 - BG Stats - Most popular game&#10;2024 - Gra roku (Game of the year Poland) - 2 player category winner&#10;2024 - International Gamers Awards - 2 player category winner&#10;2023 - Swams des Jahres winner&#10;2024 - Dice Tower Awards - Best 2 player game&#10;2024 - Dice Tower Awards - Best cooperative game&#10;2024 - Dice Tower Awards - Most innovative game&#10;2024 - Spiel des Jahres Winner&#10;2024 - Best Light Game - BBQ Awards&#10;2024 - Best Cooperative Board Game - Origins Awards&#10;2024 - Best 2023 Insider Game - Les Lys (Qu&eacute;bec) &#10;2024 - Game of the Year - Spiel des Jahres 2024 (Germany)&#10;2024 - Best 2-Player &amp; Innovation Gameplay - Big Awards 2024&#10;2024 - Best 2-Player &amp; Cooperative Game - Golden Geek Awards 2023&#10;       Runner up for Best Innovative &amp; Thematic Game - Golden Geek Awards 2023&#10;2023 - Best Cooperative Game - Board Game Quest&#10;2023 - Best 2-Player Game - Board Game Arena Awards&#10;2023 - Best 2-Player Game - Squirrelly Awards&#10;2023 - Best Board Game - Dicebreaker Tabletop Awards&#10;2023 - Two Player Board Game Winner - Game Boy Geek    &#10;2023 - Best Co-Op Game - Gaming Trend    &#10;2023 - Seal of Excellence - Dice Tower&#10;&#10;&mdash;description from the publisher&#10;&#10;",2023,8.17071,2.0516
237182,Root,"Root is a game of adventure and war in which 2 to 4 (1 to 6 with the 'Riverfolk' expansion) players battle for control of a vast wilderness. Like Vast: The Crystal Caverns, each player in Root has unique capabilities and a different victory condition. Now, with the aid of gorgeous, multi-use cards, a truly asymmetric design has never been more accessible.&#10;&#10;The nefarious Marquise de Cat has seized the great woodland, intent on harvesting its riches. Under her rule, the many creatures of the forest have banded together. This Alliance will seek to strengthen its resources and subvert the rule of Cats. In this effort, the Alliance may enlist the help of the wandering Vagabonds who are able to move through the more dangerous woodland paths. Though some may sympathize with the Alliance&rsquo;s hopes and dreams, these wanderers are old enough to remember the great birds of prey who once controlled the woods.&#10;&#10;Meanwhile, at the edge of the region, the proud, squabbling Eyrie have found a new commander who they hope will lead their faction to resume their ancient birthright. The stage is set for a contest that will decide the fate of the great woodland. It is up to the players to decide which group will ultimately take root.&#10;&#10;In Root, players drive the narrative, and the differences between each role create an unparalleled level of interaction and replayability. Leder Games invites you and your family to explore the fantastic world of Root!&#10;&#10;&mdash;description from the publisher&#10;&#10;",2018,8.0715,3.8201
421006,The Lord of the Rings: Duel for Middle-earth,"A dark rumour rises from Mordor. The Eye turns to Middle-earth. The hour has come. The Fellowship is reunited. The Heroes prepare for battle. Will you play as the Fellowship of the Ring to defend the free races and destroy the One Ring? Or will you play as Sauron and pursue Frodo and Sam while deploying your hordes to the gates of the enemy cities? The destiny of Middle-earth is in your hands!&#10;&#10;A game plays over 3 successive chapters that unfold similarly.&#10;On your turn, strengthen your Skills, hoard your treasure, stretch your presence across Middle-earth, rally Races to your cause, or advance the Quest of the Ring.&#10;&#10;&#9;&#9;&#9;&#9;&#10;&#9;&#9;&#9;&#9;&#10;&#9;&#9;&#9;&#9;&#9;Turn OverviewIn each chapter players take cards from a display of face-down and face-up cards arranged at the start of a round. A player can take a card only if it's available, that is not partially covered by any other cards. Players can either play the card, paying its cost and placing it in their play area, obtaining its benefit, or discard the card and take as many coins from the reserve as the current chapter.&#10;&#10;Players can also take a Landmark tile from one of the faceup tiles, paying its cost placing it in their play area. They will be able to immediately place a Fortress pawn on the corresponding region of the central board and benefit from its other effects.&#10;&#10;&#9;&#9;&#9;&#9;&#10;&#9;&#9;&#9;&#9;&#10;&#9;&#9;&#9;&#9;&#9;Victory ConditionsImmediately win the game by fulfilling one of the 3 victory conditions:&#10;&#10;&#9;&#9;&#9;&#9;&#10;&#9;&#9;&#9;&#9;&#10;&#9;&#9;&#9;&#9;&#9;Quest of the Ring&#10;     For the Fellowship: If Frodo and Sam reach Mount Doom, they destroy the One Ring and you immediately win the game.&#10;     For Sauron: If the Nazg&ucirc;l catch Frodo and Sam, they seize the One Ring and you immediately win the game.&#10;&#10;&#10;&#9;&#9;&#9;&#9;&#10;&#9;&#9;&#9;&#9;&#10;&#9;&#9;&#9;&#9;&#9;Support of the RacesIf any player gathers 6 different Race symbols on their Green cards, they rally the support of the Races of Middle-earth and immediately win the game&#10;&#10;&#9;&#9;&#9;&#9;&#10;&#9;&#9;&#9;&#9;&#10;&#9;&#9;&#9;&#9;&#9;Conquering Middle-earthIf a player is present in all 7 regions (with a Fortress and/or at least 1 Unit), they dominate Middle-earth and immediately win the game.&#10;&#10;If none of these three victory conditions are achieved by the end of chapter 3, the player who is present in the most regions of Middle-earth (with a Fortress and/or at least 1 Unit) wins the game. In case of tie, share the victory.&#10;&#10;",2024,8.41687,2.0607
397598,Dune: Imperium â€“ Uprising,"In Dune: Imperium Uprising, you want to continue to balance military might with political intrigue, wielding new tools in pursuit of victory. Spies will shore up your plans, vital contracts will expand your resources, or you can learn the ways of the Fremen and ride mighty sandworms into battle!&#10;&#10;Dune: Imperium Uprising is a standalone spinoff to Dune: Imperium that expands on that game's blend of deck-building and worker placement, while introducing a new six-player mode that pits two teams against one other in the biggest struggle yet.&#10;&#10;The Dune: Imperium expansions Rise of Ix and Immortality work with Uprising, as do almost all of the cards from the base game, and elements of Uprising can be used with Dune: Imperium.&#10;&#10;The choices are yours. The Imperium awaits!&#10;&#10;",2023,8.71922,3.4946
266192,Wingspan,"Wingspan is&nbsp;a competitive, medium-weight, card-driven, engine-building board game from Stonemaier Games. It's designed by Elizabeth Hargrave and features 180 birds illustrated by Natalia Rojas and Ana Maria Martinez.&#10;&#10;You are bird enthusiasts&mdash;researchers, bird watchers, ornithologists, and collectors&mdash;seeking to discover and attract the best birds to your network of wildlife preserves. Each bird extends a chain of powerful combinations in one of your habitats (actions). These habitats  focus on several key aspects of growth:&#10;&#10;&#10;     Gain food tokens via custom dice in a birdfeeder dice tower&#10;     Lay eggs using egg miniatures in a variety of colors&#10;     Draw from hundreds of unique bird cards and play them&#10;&#10;&#10;The winner is the player with the most points after 4 rounds.&#10;&#10;&mdash;description from the publisher&#10;&#10;From the 7th printing on, the base game box includes Wingspan: Swift-Start Promo Pack.&#10;&#10;",2019,8.02363,2.4699
205637,Arkham Horror: The Card Game,"Something evil stirs in Arkham, and only you can stop it. Blurring the traditional lines between role-playing and card game experiences, Arkham Horror: The Card Game is a Living Card Game of Lovecraftian mystery, monsters, and madness!&#10;&#10;In the game, you, alone or with a friend (or up to three friends with two Core Sets), become investigators within the quiet New England town of Arkham. You have your talents, sure, but you also have your flaws. Perhaps you've dabbled a little too much in the writings of the Necronomicon, and its words continue to haunt you. Perhaps you feel compelled to cover up any signs of otherworldly evils, hampering your own investigations in order to protect the quiet confidence of the greater population. Perhaps you'll be scarred by your encounters with a ghoulish cult.&#10;&#10;No matter what compels you, no matter what haunts you, you'll find both your strengths and weaknesses reflected in your custom deck of cards, and these cards will be your resources as you work with your friends to unravel the world's most terrifying mysteries.&#10;&#10;Each of your adventures in Arkham Horror LCG carries you deeper into mystery. You'll find cultists and foul rituals. You'll find haunted houses and strange creatures. And you may find signs of the Ancient Ones straining against the barriers to our world...&#10;&#10;The basic mode of play in Arkham LCG is not the adventure, but the campaign. You might be scarred by your adventures, your sanity may be strained, and you may alter Arkham's landscape, burning buildings to the ground. All your choices and actions have consequences that reach far beyond the immediate resolution of the scenario at hand&mdash;and your actions may earn you valuable experience with which you can better prepare yourself for the adventures that still lie before you.&#10;&#10;",2016,8.12882,3.557
429293,The Fellowship of the Ring: Trick-Taking Game,"The Fellowship of the Ring: Trick-Taking Game is a co-operative card game that plays out over eighteen chapters that lead players through the events of the novel The Fellowship of the Ring. The chapters can be played in any order, but ideally you play them in sequence.&#10;&#10;In each chapter, each player takes a different character role &mdash; Frodo, Gandalf, Sam, Pippin, Farmer Maggot, etc. &mdash; and each character has a condition that must be met in order to pass the chapter and advance in the story. Frodo needs to capture ring cards, for example, while Pippin wants to take as few tricks as possible. As you advance through the chapters, new characters, items, and challenges are introduced to the game.&#10;&#10;The deck consists of 37 cards, with one card being set aside as &quot;lost&quot; each hand. Whoever is dealt the One Ring becomes Frodo, then other players choose from the available characters based on their hand. The One Ring is the game's only trump card, but initially rings can't be led until someone plays one off-suit.&#10;&#10;In the two-player game, one hand of cards is dealt to a dummy player, with some cards being face up and others face down. This dummy is assigned a character, and one of the human players will play cards for it based on which cards are free to be played.&#10;&#10;In the solitaire game, one player plays four hands of face-up cards, with each hand being assigned a character and only a few cards being available at a time. After you play a trick, deal each hand a new card.&#10;&#10;",2024,7.9988,2.0208
400366,Wondrous Creatures,"Welcome to the world full of fantastic creatures! You are an admirer, a creature enthusiast who will join the journey of forming the world&rsquo;s leading creature reserve.&#10;&#10;&#10;     Unique Worker Placement: Wondrous Creatures&rsquo;s worker placement mechanism provides an intriguing Hex Puzzle experience. Your deployed worker interacts with surrounding icons to bring in resources or cards, and works to activate special effects! &#10;&#10;&#10;&#10;     Transforming Terrains: As the game progresses, powerful special effects are newly placed on the map. Get creative and use these special effects to unleash your very own powerful combos! &#10;&#10;&#10;&#10;     100+ Different Creature Cards: Collect and combine various different creature cards. Every creature holds its own distinctive ability and provides a deep strategic tableau building experience. Each card beautifully illustrated by Sophia Kang, will immerse you into a wonderful world of Wondrous Creatures.&#10;&#10;&#10;&#10;     Evolving Worker Abilities: Your workers hold their own unique abilities. As you progress through the game, unlock their abilities and strengthen your workers!&#10;&#10;&#10;&mdash;description from the designer&#10;&#10;",2024,8.10747,3.0156
316554,Dune: Imperium,"Dune: Imperium is a game that uses deck building to add a hidden information angle to traditional worker placement. It finds inspiration in elements and characters from the Dune legacy, both the new film from Legendary Pictures and the seminal literary series from Frank Herbert, Brian Herbert, and Kevin J. Anderson.&#10;&#10;As a leader of one of the Great Houses of the Landsraad, raise your banner and marshal your forces and spies. War is coming, and at the center of the conflict is Arrakis &ndash; Dune, the desert planet.&#10;&#10;You start with a unique leader card, as well as a deck identical to those of your opponents.  As you acquire cards and build your deck, your choices will define your strengths and weaknesses. Cards allow you to send your Agents to certain spaces on the game board, so how your deck evolves affects your strategy. You might become more powerful militarily, able to deploy more troops than your opponents. Or you might acquire cards that give you an edge with the four political factions represented in the game: the Emperor, the Spacing Guild, the Bene Gesserit, and the Fremen.&#10;&#10;Unlike many deck building games, you don&rsquo;t play your entire hand in one turn. Instead, you draw a hand of cards at the start of every round and alternate with other players, taking one Agent turn at a time (playing one card to send one of your Agents to the game board). When it&rsquo;s your turn and you have no more Agents to place, you&rsquo;ll take a Reveal turn, revealing the rest of your cards, which will provide Persuasion and Swords. Persuasion is used to acquire more cards, and Swords help your troops fight for the current round&rsquo;s rewards as shown on the revealed Conflict card.&#10;&#10;Defeat your rivals in combat, shrewdly navigate the political factions, and acquire precious cards. The Spice must flow to lead your House to victory!&#10;&#10;Some important links: The Official FAQ, the Unofficial FAQ, and an Automa (solo and 2p) Overview&#10;&#10;",2020,8.42248,3.0614
397385,Pirates of Maracaibo,"Set sail for an adventurous raid...for perhaps it will be your last! Face danger and adventure once more while you search high and low for the most valuable treasures the Caribbean has to offer, then quickly find a safe harbor to stash priceless gold, rare emeralds, and iridescent pearls. Explore, stockpile cargo, hire crew, and commandeer rival ships, but don't forget to bury your loot. As you sail, be on the lookout for a place to settle after your life on the high seas has come to an end, but before you do that, you must outpace your opponents as one trip around the Caribbean won't be enough. You must make three trips in order to retire as the richest and greatest buccaneer of all time.&#10;&#10;Pirates of Maracaibo is a standalone game in the same franchise as 2019's Maracaibo, and players who are familiar with that game will recognize some beloved concepts from the original. However, new players can jump right in with no prior knowledge of the original game as Pirates of Maracaibo is an independent game with a more accessible rule set. The game plays over three rounds in which you sail the Caribbean, hire crew, ally with other ships, explore the shore, amass the most treasure, and (ideally) retire to a secluded island as the most revered pirate in history. Cast off sailors and swashbucklers, cast off!&#10;&#10;&mdash;description from the designer&#10;&#10;&#10;Microbadge: &#10;&#10;",2023,7.95989,2.8022
367966,Endeavor: Deep Sea,"Plunge into the modern era, where our planet's vast interconnected ocean scape is one of the last frontiers to discover and explore. Experience a deep new ever-changing adventure in this followup to the smash hit Endeavor: Age of Sail!&#10;&#10;In Endeavor: Deep Sea, you head an independent research institute with the goal of developing sustainable projects and preserving the fragile balance of marine life. Throughout the game, you&rsquo;ll recruit field experts and use their abilities to explore new locations, research dive sites, publish critical ecological papers, and launch conservation efforts.&#10;&#10;Expand your expertise, develop your team, and learn as much as possible about the sea. The action your institute takes now, could mean a healthy ocean and a sustainable future for the planet.&#10;&#10;Endeavor: Deep Sea is designed by Jarratt Gray and Carl de Visser, the same creative team behind the smash hit Endeavor: Age of Sail and Endeavor. This edition is set in a new era of nautical discovery, but uses streamlined rules which will be familiar to fans of the original game.&#10;&#10;&mdash;description from the publisher&#10;&#10;",2024,8.23592,2.8827
436126,Finspan,"You are a marine researcher seeking to find and observe an array of aquatic life in the colorful Sunlight Zone, ghostly Twilight Zone, and pitch-black Midnight Zone of the world's seas and oceans. In Finspan, the fish you discover over four weeks will generate a series of benefits as you dive deeper into the ocean.&#10;&#10;Each dive site specializes in a key aspect of expanding your research:&#10;&#10;&#10;     Grow your collection of fish.&#10;     Discover freshly laid eggs.&#10;     Hatch eggs into young and consolidate young to form schools.&#10;&#10;&#10;The winner is the player with the most points gained from fish, eggs, young, schools, and achievements.&#10;&#10;&mdash;description from the publisher&#10;&#10;",2025,7.78735,2.3231
295947,Cascadia,"Cascadia is a puzzly tile-laying and token-drafting game featuring the habitats and wildlife of the Pacific Northwest.&#10;&#10;In the game, you take turns building out your own terrain area and populating it with wildlife. You start with three hexagonal habitat tiles (with the five types of habitat in the game), and on a turn you choose a new habitat tile that's paired with a wildlife token, then place that tile next to your other ones and place the wildlife token on an appropriate habitat. (Each tile depicts 1-3 types of wildlife from the five types in the game, and you can place at most one tile on a habitat.) Four tiles are on display, with each tile being paired at random with a wildlife token, so you must make the best of what's available &mdash; unless you have a nature token to spend so that you can pick your choice of each item.&#10;&#10;Ideally you can place habitat tiles to create matching terrain that reduces fragmentation and creates wildlife corridors, mostly because you score for the largest area of each type of habitat at game's end, with a bonus if your group is larger than each other player's. At the same time, you want to place wildlife tokens so that you can maximize the number of points scored by them, with the wildlife goals being determined at random by one of the four scoring cards for each type of wildlife. Maybe hawks want to be separate from other hawks, while foxes want lots of different animals surrounding them and bears want to be in pairs. Can you make it happen?&#10;&#10;",2021,7.91995,1.8553
337627,Voidfall,"For centuries, the Novarchs, descendants of the royal House of Novarchon, have ruled with an iron fist over the feudalistic galactic empire of humankind, the Domineum. During this time, they brought stunning technological innovation and scientific advancements to their domain. This accelerated progression helped the Domineum reach &mdash; and eventually inhabit &mdash; even the farthest segments of the known galaxy, where new Houses emerged to govern the outer sectors of the empire. As the House of Novarchon grew in power, so grew the religious cult that surrounded them, proclaiming grim prophecies about an ancient cosmic being from another dimension: the Voidborn.&#10;&#10;Many thought it to be only a myth, but in truth, it was the Voidborn's dark influence that granted the Novarchs the sheer knowledge to achieve rapid expansion for the empire. While the cult of the Novarchs envisaged eternal life through the otherworldly entity, the Voidborn's only intention was satiating its eternal hunger. And so, when the Domineum had achieved a vastness fitting the Voidborn's craving, interdimensional rifts opened at the heart of the Domineum to unleash cosmic corruption. As the House of Novarchon and its followers welcomed the Voidborn and sought their false salvation, the entity infected and spread and seized control over the inner worlds. Now, it is time for the remaining Great Houses to purge the galactic corruption, prevent the Voidborn from fully manifesting in our dimension, and to ultimately overcome the chaos as the new rulers of the Domineum.&#10;&#10;Voidfall is a space 4X game that brings the genre to Euro enthusiasts' tables. It combines the tension, player interaction, and deep empire customization of the 4X genre with the resource management, tight decisions, and minimum-luck gameplay of an economic Euro. Win by pushing back the Voidborn in the solo/coop mode, or by overcoming your rivals' influence in restoring the Domineum in the competitive mode &mdash; both using the same rule set and game system. Variability is ensured not only by multiple playable houses with their own strengths and weaknesses, but also by many different map set-ups for all game modes.&#10;&#10;As the leader of a defiant Great House, you play through three cycles, each with a game-altering galactic event, a new scoring condition, and a set number of focus cards that can be played. Focus card decisions and sequencing is the centerpiece of the gameplay. By selecting two of their three impactful actions as you play them, you develop and improve techs; advance on your three house-specific civilization tracks; manage your sectors' infrastructure, population, and production; and conquer new sectors with up to five different types of space fleets. Space battles are fought either against the Voidborn's infected forces (which are present as neutral opponents even in the competitive mode) or against other players. Instead of relying on the luck of a die roll, battles in Voidfall are fully deterministic and reward careful preparation and outsmarting your opponents.&#10;&#10;&mdash;description from the publisher&#10;&#10;",2023,8.54955,4.6391
285774,Marvel Champions: The Card Game,"&quot;With great power, there must also come great responsibility.&quot;&#10;   &ndash;Stan Lee, Amazing Fantasy #15&#10;&#10;Iron Man and Black Panther team up to stop Rhino from rampaging through the streets of New York. Captain Marvel and Spider-Man battle Ultron as he threatens global annihilation. Do you have what it takes to join the ranks of these legendary heroes and become a champion?&#10;&#10;Jump into the Marvel Universe with Marvel Champions: The Card Game, a cooperative Living Card Game for one to four players!&#10;&#10;Marvel Champions: The Card Game invites players to embody iconic heroes from the Marvel Universe as they battle to stop infamous villains from enacting their devious schemes. As a Living Card Game, Marvel Champions is supported with regular releases of new product, including new heroes and scenarios.&#10;&#10;&mdash;description from the publisher&#10;&#10;",2019,8.11545,2.945
380619,Cyclades: Legendary Edition,"In the Cyclades archipelago, off the shores of a divided Greece, players develop their cities and compete for supremacy under the watchful gaze of the gods.&#10;&#10;In Cyclades: Legendary Edition, designers Bruno Cathala and Ludovic Maublanc have reworked the Cyclades base game and its many expansions to make gameplay more dynamic and fluid.&#10;&#10;The game features a strategic bidding system that defines the actions available to each player on their turn. You must balance your finances to optimize the various actions provided by the different gods, with each player gaining the support of only one god each turn. The game features a shorter and more dynamic bidding phase than the original Cyclades thanks to a new exponential bidding scale. Six gods are available instead of the five, increasing the variety of actions available:&#10;&#10;&#10;     Ares allows the movement of player armies and the building of fortresses.&#10;     Poseidon allows players to move their navies and build ports.&#10;     Zeus allows his followers to hire priests and build temples.&#10;     Athena provides her worshipers with philosophers and universities.&#10;     Apollo increases the income of his worshipers.&#10;     Hera provides mercenaries to enforce your troops during battle.&#10;&#10;&#10;Players now use landscape tiles to assemble the modular game board during set-up, allowing for ever-changing maps and game strategies. New creatures and heroes are available in the base game, offering new strategic opportunities to build metropolises and gain decisive advantages on the battlefield. Your goal is to be the first to control three metropolises, which can be obtained as follows:&#10;&#10;&#10;     Economic development, by constructing four different buildings.&#10;     Intellectual development, by owning four philosophers.&#10;     Heroic deeds, when sacrificing a hero.&#10;     Military conquest, when seizing an enemy city by strength.&#10;&#10;&#10;Cyclades: Legendary Edition features three game configurations:&#10;&#10;&#10;     &quot;Classic&quot; mode for 3-5 players in which each player defends their own interests.&#10;     &quot;Team&quot; mode for 4 or 6 players in which you play in teams of two, co-operating with one another and competing against others.&#10;     An enhanced and refined two-player mode.&#10;&#10;&#10;",2024,8.32509,2.7568
397931,Deep Regrets,"Deep Regrets is a game for 1-5 players that runs about 30 minutes per player.&#10;&#10;An unfortunate fishing game about pulling progressively more horrifying things out of the ocean.&#10;&#10;Decide what to eat, what to sell, what to mount, and how many regrets you're willing to carry, as you push yourself too far and spiral towards a thrilling conclusion in this strategic horror fishing game.&#10;&#10;You'll roll bespoke tackle dice at the start of each turn to determine your strength for that round and then decide whether you'll stay at sea or return to port to sell fish, buy provisions, and recharge your energy.&#10;&#10;Survey the sizes of shadows on the backs of 9 different fish shoals at three depths, determining what you think you can afford to catch and if you want to risk it for a potentially better reward. Flip fish, spend dice, add them to your collection - but beware of reveal and catch abilities that can have various effects on the game!&#10;&#10;Each fish, item and character has been meticulously hand-inked by illustrator Judson Cowan, then colored by hand in Procreate. It's an absolutely gorgeous world with many, many dark surprises to uncover.&#10;&#10;As your eyes spy more and more horrifying things, you'll collect Regrets cards - which drive up your madness but also give you access to more dice and increase the value of weirder fish. It's a risk/reward scenario as you balance your madness, knowing that at the end of the game the player with the highest value of Regrets will have to discard their most valuable mounted fish.&#10;&#10;Manage you resources, make strategic decisions, leverage madness to your benefit and suppress your Regrets as you try to catch the most valuable haul of weirder and weirder fish on this thrilling week at sea.&#10;&#10;SOLO MODE:&#10;In the solo mode (which you can also co-op), you'll act as an ichthyologist on a mission to catch and catalog every fish in the sea. Over a campaign of dozens of games, you'll try to reel in every last fish and document their attributes on provided catalog sheet. At the end of each game, you'll have to discard an equal value of fish to the regrets you've collected and may have to let some fish go to return to another day. At the end of the campaign, you'll have a catalog of all fish names, depths, values and difficulties that can be used by players in the multiplayer game to help identify what they might fish up!&#10;&#10;&mdash;description from the designer&#10;&#10;",2025,7.65663,2.4
169786,Scythe,"It is a time of unrest in 1920s Europa. The ashes from the first great war still darken the snow. The capitalistic city-state known simply as &ldquo;The Factory&rdquo;, which fueled the war with heavily armored mechs, has closed its doors, drawing the attention of several nearby countries.&#10;&#10;Scythe is an engine-building game set in a 1920s era, alternate-history. It is a time of farming and war, broken hearts and rusted gears, innovation and valor. In Scythe, each player controls one of five factions of Eastern Europe, all of which are attempting to earn their fortunes and claim their stakes in the land around the mysterious Factory. Players conquer territory, enlist new recruits, reap resources, gain villagers, build structures, and activate monstrous mechs.&#10;&#10;Each player begins the game with different resources (power, coins, combat acumen, and popularity), a different starting location, and a hidden goal. Starting positions are specially calibrated to contribute to each faction&rsquo;s uniqueness and the asymmetrical nature of the game (each faction always starts in the same place). Scythe uses a streamlined action-selection mechanism (no rounds or phases) to keep gameplay moving at a brisk pace and reduce downtime between turns. While there is plenty of direct conflict for players who seek it, there is no player elimination.&#10;&#10;Scythe gives players almost complete control over their fate. Other than each player&rsquo;s individual hidden objective card, the only elements of luck or variability are &ldquo;encounter&rdquo; cards that players will draw as they interact with the citizens of newly explored lands. Each encounter card provides the player with several options, allowing them to mitigate the luck of the draw through their selection. Combat is also driven by choices, not luck or randomness. Every part of Scythe has an aspect of engine-building to it. Players can upgrade actions to become more efficient, build structures that improve their position on the map, enlist new recruits to enhance character abilities, activate mechs to deter opponents from invading, and expand their borders to reap greater types and quantities of resources. These engine-building aspects create a sense of momentum and progress throughout the game. The order in which players improve their engines adds to the unique feel of each game, even if having played one faction multiple times.&#10;&#10;",2016,8.12276,3.452
164928,OrlÃ©ans,"During the medieval goings-on around Orl&eacute;ans, you must assemble a following of farmers, merchants, knights, monks, etc. to gain supremacy through trade, construction and science in medieval France.&#10;&#10;In Orl&eacute;ans, you will recruit followers and put them to work to make use of their abilities. Farmers and Boatmen supply you with money and goods; Knights expand your scope of action and secure your mercantile expeditions; Craftsmen build trading stations and tools to facilitate work; Scholars make progress in science; Traders open up new locations for you to use your followers; and last but not least, it cannot hurt to get active in monasteries since with Monks on your side you are much less likely to fall prey to fate.&#10;&#10;You will always want to take more actions than possible, and there are many paths to victory. The challenge is to combine all elements as best as possible with regard to your strategy.&#10;&#10;",2014,8.05042,3.0229
421823,Ã†terna,"In &AElig;terna, you take the role of a Roman Gens (family) that will try to increase its prestige through three eras: the Roman Kingdom, the Roman Republic, and the Roman Empire.&#10;&#10;Your goal is to increase your influence over the city by supporting the conquest of the provinces, ruling over &quot;the seven hills of Rome&quot;, and contributing to the construction of monuments and buildings. While doing this, you must not demotivate the people in the hills under your direct control as unrest could put you in a bad light. If you manage majorities, cards, and resources better than your opponents, your Gens will be remembered in the history books as one of the most important in Rome.&#10;&#10;",2025,7.67641,2.7778
425549,Moon Colony Bloodbath,"Cities on the moon! This will be humanity's crowning achievement. At last, no longer bound to the Earth &mdash; the moon, a stepping stone to the stars. The rockets are loaded with supplies and colonists; the robots are programmed and ready. Everything has been planned down to the tiniest detail, and there is no chance whatsoever of failure. To the moon!&#10;&#10;Moon Colony Bloodbath is an engine-building, engine-losing tableau game, with a shared deck the players build that makes things happen, many of them bad things that kill people in your moon colony, but some positive, and some that let you build up.&#10;&#10;More specifically, each turn one card is revealed from the shared deck, which starts with four work cards, two trouble cards, and two twists. For work, each player takes an action of their choice simultaneously: mining for money, farming for food, research for cards, build a new building, or restock boxes on buildings. Twists vary from one game to the next. Trouble adds a new event card to the deck: hunger, paperwork, glitches, accidents, leaks, power failure &mdash; whatever can go wrong will go wrong, then whenever the deck is shuffled, you can prepare for all those events once again.&#10;&#10;Players can add cards to the shared deck, too, whether perks that are only for you or developments that affect all players.&#10;&#10;The game lasts until one player's moon colony has no people remaining, or until the players reach the bottom of the event deck. At that point, the player with the most survivors wins.&#10;&#10;",2025,7.80501,2.1875
199792,Everdell,"Within the charming valley of Everdell, beneath the boughs of towering trees, among meandering streams and mossy hollows, a civilization of forest critters is thriving and expanding. From Everfrost to Bellsong, many a year have come and gone, but the time has come for new territories to be settled and new cities established. You will be the leader of a group of critters intent on just such a task. There are buildings to construct, lively characters to meet, events to host&mdash;you have a busy year ahead of yourself. Will the sun shine brightest on your city before the winter moon rises?&#10;&#10;Everdell is a game of dynamic tableau building and worker placement.&#10;&#10;On their turn a player can take one of three actions:&#10;&#10;a) Place a Worker: Each player has a collection of Worker pieces. These are placed on the board locations, events, and on Destination cards. Workers perform various actions to further the development of a player's tableau: gathering resources, drawing cards, and taking other special actions.&#10;&#10;b) Play a Card: Each player is building and populating a city; a tableau of up to 15 Construction and Critter cards. There are five types of cards: Travelers, Production, Destination, Governance, and Prosperity. Cards generate resources (twigs, resin, pebbles, and berries), grant abilities, and ultimately score points. The interactions of the cards reveal numerous strategies and a near infinite variety of working cities.&#10;&#10;c) Prepare for the next Season: Workers are returned to the players supply and new workers are added. The game is played from Winter through to the onset of the following winter, at which point the player with the city with the most points wins.&#10;&#10;",2018,8.00497,2.824
